country,top_genre
Japan,Reggae
Germany,Country
Germany,Pop
Australia,Reggae
Germany,Reggae
South Korea,EDM
Australia,Country
UK,Classical
Germany,Metal
Brazil,Reggae
South Korea,Reggae
Brazil,Rock
Canada,Rock
Germany,Rock
India,Hip-Hop
UK,Hip-Hop
India,Country
USA,R&B
Germany,Rock
India,R&B
Australia,EDM
USA,Metal
Brazil,Jazz
Brazil,Rock
South Korea,Pop
Brazil,Reggae
Japan,Hip-Hop
France,Jazz
Germany,Pop
Canada,Reggae
Canada,EDM
UK,R&B
USA,Jazz
South Korea,Hip-Hop
Brazil,R&B
France,EDM
UK,Metal
Japan,Reggae
Japan,EDM
USA,Reggae
South Korea,Reggae
Brazil,Country
Brazil,Pop
France,Hip-Hop
Brazil,R&B
India,Hip-Hop
USA,Pop
USA,Rock
Brazil,EDM
Australia,EDM
France,Rock
Japan,Metal
South Korea,Country
India,Hip-Hop
India,Pop
Canada,Reggae
Brazil,Classical
Japan,Jazz
UK,Country
UK,Classical
France,Country
USA,Rock
Australia,Jazz
Canada,R&B
South Korea,Hip-Hop
UK,R&B
USA,Rock
South Korea,Jazz
UK,Jazz
Japan,Jazz
Australia,EDM
India,Reggae
UK,Country
France,Jazz
South Korea,Country
Brazil,R&B
USA,Classical
Japan,EDM
Australia,Pop
South Korea,Jazz
UK,Jazz
Canada,Country
Germany,Metal
Japan,Hip-Hop
South Korea,Rock
Australia,R&B
Brazil,R&B
India,Country
Australia,Pop
South Korea,EDM
Australia,Country
UK,Metal
France,Rock
Brazil,Classical
Germany,Hip-Hop
Canada,Rock
Canada,EDM
South Korea,Pop
Australia,Pop
South Korea,Hip-Hop
Brazil,Reggae
France,Metal
Australia,R&B
USA,Pop
India,Rock
Brazil,EDM
UK,Reggae
Japan,Classical
Japan,Pop
Japan,Pop
India,Classical
Canada,Pop
Australia,Reggae
Australia,Hip-Hop
Japan,Pop
Japan,Rock
France,Pop
India,Rock
India,Classical
France,Hip-Hop
UK,R&B
Canada,Pop
India,Country
UK,Country
USA,Classical
France,Reggae
Canada,Hip-Hop
UK,Metal
Brazil,Jazz
Brazil,Metal
Canada,Jazz
Canada,Country
USA,Rock
Canada,Reggae
UK,Metal
Australia,Jazz
South Korea,EDM
Canada,Hip-Hop
UK,Pop
France,Jazz
Japan,Reggae
USA,Reggae
Canada,Reggae
Canada,Rock
Germany,Hip-Hop
India,Classical
Brazil,Jazz
South Korea,Rock
Canada,Reggae
India,R&B
France,R&B
South Korea,Reggae
USA,Jazz
Japan,R&B
Australia,Pop
Japan,R&B
USA,EDM
France,Country
UK,Pop
Canada,Rock
USA,EDM
South Korea,Jazz
UK,Hip-Hop
Japan,R&B
Canada,Rock
India,Classical
Australia,R&B
Canada,Country
Japan,Pop
Australia,Country
Brazil,EDM
UK,Hip-Hop
Canada,R&B
India,Country
Brazil,Pop
Canada,Pop
India,Reggae
Japan,Country
India,R&B
USA,R&B
France,Country
South Korea,EDM
Brazil,EDM
South Korea,Jazz
Germany,Hip-Hop
India,Hip-Hop
Brazil,Country
Germany,R&B
UK,EDM
Australia,Rock
Brazil,Classical
France,Metal
Canada,Rock
Australia,Classical
USA,Hip-Hop
USA,Country
Canada,Reggae
India,Reggae
Germany,EDM
Germany,Hip-Hop
Japan,Jazz
Brazil,Country
Australia,Pop
UK,R&B
Australia,Country
UK,Reggae
Australia,Pop
Brazil,R&B
India,R&B
France,Metal
South Korea,Hip-Hop
USA,EDM
France,Reggae
Canada,Hip-Hop
South Korea,Jazz
Canada,Metal
UK,Country
Japan,R&B
Canada,Metal
South Korea,EDM
Australia,Country
UK,Hip-Hop
Germany,Rock
Canada,EDM
USA,Hip-Hop
Germany,R&B
South Korea,EDM
South Korea,Metal
Japan,Country
Germany,Reggae
Japan,Reggae
France,Classical
France,Jazz
Germany,Jazz
Japan,Pop
Canada,Reggae
Australia,EDM
India,Classical
USA,Reggae
France,Jazz
Germany,Metal
Brazil,Pop
UK,Hip-Hop
Germany,Country
Australia,R&B
Brazil,Metal
Brazil,Rock
USA,Reggae
UK,Jazz
USA,Metal
South Korea,Country
Brazil,Pop
India,Pop
Canada,Reggae
South Korea,EDM
Germany,Reggae
South Korea,EDM
USA,EDM
South Korea,EDM
USA,Reggae
Germany,R&B
Australia,EDM
South Korea,Pop
India,Metal
Germany,EDM
France,EDM
UK,Rock
Australia,Rock
USA,Jazz
Brazil,Pop
Australia,EDM
USA,Jazz
France,EDM
Brazil,Pop
Japan,Country
UK,Classical
Canada,R&B
USA,Reggae
Canada,Reggae
South Korea,EDM
Canada,Metal
Australia,Pop
India,Hip-Hop
USA,Pop
South Korea,Rock
USA,Country
Germany,Hip-Hop
South Korea,Reggae
Australia,Rock
USA,Metal
France,Metal
Brazil,R&B
South Korea,Classical
South Korea,Pop
France,Reggae
France,Hip-Hop
Japan,EDM
UK,EDM
Germany,Rock
Canada,Pop
Brazil,Country
France,Reggae
Japan,Classical
Germany,Reggae
USA,Country
UK,Metal
Japan,R&B
South Korea,Classical
USA,Hip-Hop
USA,Rock
India,Jazz
France,Classical
Australia,Pop
India,Reggae
India,R&B
France,Rock
Australia,Classical
Australia,Pop
Brazil,Classical
India,EDM
UK,Classical
Australia,Metal
France,Metal
Brazil,Metal
USA,EDM
Brazil,Pop
South Korea,Classical
India,Jazz
Japan,R&B
Australia,EDM
USA,EDM
France,EDM
South Korea,Metal
Japan,Country
France,EDM
South Korea,Metal
USA,Reggae
UK,R&B
India,Rock
USA,R&B
Brazil,Classical
Canada,Pop
Canada,Pop
Germany,Country
UK,Reggae
UK,Rock
UK,Reggae
Australia,Reggae
Australia,Reggae
Brazil,Pop
India,EDM
UK,Country
UK,R&B
Japan,EDM
UK,Rock
Germany,Jazz
Germany,Pop
India,Hip-Hop
USA,Metal
UK,Hip-Hop
France,Hip-Hop
South Korea,Classical
India,Hip-Hop
Brazil,Reggae
India,Reggae
India,Country
Brazil,Pop
Germany,EDM
UK,Classical
Japan,Reggae
France,Metal
UK,Jazz
Canada,EDM
UK,Reggae
France,Rock
Germany,Classical
Brazil,R&B
Japan,Country
South Korea,Classical
Japan,Hip-Hop
France,Metal
Japan,Country
Japan,Metal
Germany,Metal
Australia,Hip-Hop
USA,Country
UK,Classical
India,Rock
UK,Pop
UK,R&B
South Korea,Country
Germany,Jazz
Canada,Rock
USA,Reggae
Brazil,Rock
South Korea,Country
South Korea,Metal
Germany,Hip-Hop
India,Metal
Germany,Hip-Hop
France,Jazz
Canada,Jazz
Brazil,Hip-Hop
Brazil,Rock
South Korea,R&B
Japan,Hip-Hop
Canada,Jazz
UK,Reggae
USA,Jazz
Canada,R&B
Australia,EDM
India,Hip-Hop
France,EDM
South Korea,Reggae
UK,EDM
USA,EDM
Japan,Jazz
Brazil,Country
Australia,Reggae
Australia,EDM
Australia,Rock
India,EDM
Brazil,Country
South Korea,Classical
Germany,Pop
USA,Hip-Hop
USA,Jazz
Germany,Reggae
India,Pop
Canada,Reggae
Australia,Pop
Canada,Classical
Japan,R&B
Australia,Pop
Germany,R&B
Japan,EDM
Canada,Hip-Hop
France,R&B
Canada,R&B
UK,Jazz
Japan,Metal
Germany,EDM
UK,R&B
France,Metal
USA,Jazz
USA,Rock
Australia,Rock
UK,EDM
USA,Country
Australia,Hip-Hop
France,Rock
India,Rock
India,Reggae
South Korea,Hip-Hop
Canada,Reggae
USA,Reggae
India,Rock
Japan,Metal
South Korea,Country
Canada,Metal
Japan,Jazz
Germany,Hip-Hop
Japan,R&B
Japan,Jazz
Canada,R&B
India,Metal
Australia,Hip-Hop
UK,EDM
Australia,Rock
UK,Hip-Hop
Australia,EDM
UK,Reggae
Germany,Jazz
Germany,Metal
Australia,Metal
Germany,Country
Canada,EDM
Canada,Metal
India,Metal
India,Hip-Hop
France,Hip-Hop
Germany,Reggae
India,Jazz
India,Hip-Hop
South Korea,EDM
UK,Country
Australia,Jazz
France,Metal
Germany,Hip-Hop
India,Pop
India,Classical
Australia,Reggae
India,Rock
Brazil,Classical
Germany,Jazz
USA,Reggae
UK,Pop
UK,R&B
France,EDM
USA,R&B
Brazil,Classical
Canada,Jazz
Germany,Jazz
UK,R&B
France,Hip-Hop
USA,Pop
Canada,EDM
South Korea,EDM
Brazil,EDM
Germany,EDM
USA,Jazz
Australia,R&B
Australia,Reggae
Australia,Country
Australia,R&B
Japan,Reggae
India,EDM
Brazil,Classical
France,EDM
Germany,EDM
Japan,EDM
UK,Jazz
Australia,EDM
Australia,Rock
Canada,Reggae
Australia,Hip-Hop
Australia,Hip-Hop
UK,R&B
Canada,EDM
Japan,EDM
UK,Pop
India,R&B
France,Reggae
France,Reggae
France,Reggae
South Korea,Country
India,Metal
Germany,Metal
Japan,Metal
USA,EDM
India,Country
France,Jazz
Japan,Pop
UK,Jazz
France,Metal
Canada,Metal
Canada,EDM
UK,Rock
Germany,Rock
Australia,Reggae
Germany,Country
USA,EDM
South Korea,R&B
USA,Rock
UK,Jazz
Brazil,Classical
Japan,Hip-Hop
India,Reggae
India,Jazz
Germany,Rock
South Korea,Pop
Australia,Reggae
UK,Pop
UK,Country
Japan,Pop
USA,Metal
Australia,Classical
France,Classical
Canada,Hip-Hop
Australia,Jazz
South Korea,Reggae
Japan,Reggae
Brazil,Classical
France,Country
France,EDM
South Korea,Jazz
Japan,Classical
Brazil,Rock
South Korea,Pop
Germany,Classical
Brazil,Jazz
USA,Country
UK,EDM
France,EDM
Brazil,Country
USA,R&B
France,Metal
India,EDM
Australia,R&B
India,Rock
Canada,R&B
Canada,Metal
Australia,Rock
UK,Metal
Canada,R&B
India,Country
South Korea,Country
USA,EDM
Japan,Jazz
USA,Country
South Korea,R&B
USA,Reggae
Japan,Jazz
Brazil,Reggae
Germany,EDM
USA,Rock
Brazil,Jazz
France,EDM
Germany,R&B
USA,Reggae
USA,Hip-Hop
Australia,Pop
India,R&B
USA,Metal
India,Rock
Germany,Metal
UK,Jazz
UK,R&B
Japan,Country
Japan,Metal
UK,Jazz
France,Rock
Germany,Hip-Hop
France,Metal
Germany,EDM
USA,Classical
South Korea,Rock
France,R&B
South Korea,R&B
Brazil,Metal
UK,Metal
South Korea,Country
Japan,Pop
Japan,Pop
USA,EDM
Canada,Country
Australia,Pop
India,R&B
Brazil,EDM
UK,Rock
USA,Hip-Hop
Australia,Reggae
Japan,Rock
USA,Classical
Germany,Jazz
Japan,Metal
Brazil,Jazz
UK,Reggae
Australia,Pop
Japan,Metal
France,Jazz
South Korea,Country
UK,Country
Australia,Rock
South Korea,Reggae
Germany,Reggae
Canada,Pop
USA,Pop
South Korea,Jazz
Canada,Hip-Hop
Canada,Reggae
Canada,Reggae
South Korea,Country
Germany,Metal
France,Country
France,Reggae
UK,Classical
Japan,Country
South Korea,Pop
South Korea,Rock
Australia,Hip-Hop
India,Classical
Australia,Reggae
South Korea,Country
Brazil,R&B
Germany,Metal
India,Country
Brazil,Reggae
India,Reggae
France,Country
Brazil,Rock
Australia,Rock
France,Rock
France,Country
Japan,R&B
Japan,Metal
Australia,R&B
UK,Hip-Hop
Japan,Country
Germany,Country
USA,Classical
USA,Metal
France,Classical
UK,Country
France,EDM
Canada,Country
South Korea,Jazz
USA,Country
South Korea,Classical
UK,EDM
Canada,Country
Germany,Hip-Hop
Japan,EDM
South Korea,R&B
Brazil,Rock
Brazil,Rock
USA,EDM
South Korea,Rock
UK,R&B
Canada,R&B
Australia,Metal
France,Hip-Hop
Australia,R&B
Japan,Classical
India,Jazz
Japan,Reggae
Canada,Pop
France,Jazz
UK,Reggae
UK,Jazz
Brazil,Rock
South Korea,Rock
USA,Jazz
USA,Classical
Australia,Country
Australia,Jazz
Australia,Reggae
Brazil,Classical
South Korea,Reggae
Japan,Classical
Germany,Metal
France,Metal
Canada,Reggae
Australia,EDM
Australia,Rock
Canada,Hip-Hop
Germany,R&B
Japan,Country
France,Rock
Australia,Jazz
UK,Reggae
UK,Country
South Korea,R&B
Australia,EDM
France,Rock
France,Metal
USA,Country
India,Jazz
Japan,Rock
Brazil,Hip-Hop
South Korea,Metal
UK,Jazz
Canada,Country
France,R&B
France,Rock
South Korea,Jazz
Brazil,Reggae
Germany,R&B
France,Classical
South Korea,Reggae
Brazil,Hip-Hop
France,Pop
Brazil,Metal
Germany,Classical
Germany,Metal
Australia,Rock
UK,Jazz
Australia,Jazz
Brazil,R&B
Canada,Classical
France,Hip-Hop
France,R&B
UK,Hip-Hop
Japan,Metal
Brazil,EDM
Japan,Classical
India,EDM
USA,R&B
Australia,Hip-Hop
UK,R&B
Brazil,Metal
UK,Metal
Australia,R&B
UK,Country
South Korea,R&B
South Korea,Hip-Hop
Brazil,Jazz
Brazil,Rock
Brazil,Jazz
Australia,Metal
Germany,EDM
USA,Hip-Hop
UK,R&B
Canada,Rock
Germany,Hip-Hop
South Korea,Reggae
India,Classical
South Korea,Hip-Hop
Canada,Metal
Australia,Pop
Japan,Metal
Brazil,Metal
India,Hip-Hop
Australia,Hip-Hop
USA,Rock
Brazil,EDM
France,Jazz
Brazil,EDM
UK,R&B
Germany,R&B
India,EDM
Canada,Reggae
UK,EDM
Brazil,Metal
Canada,Rock
USA,Hip-Hop
Germany,Hip-Hop
South Korea,Reggae
Australia,Metal
France,Pop
Brazil,EDM
Brazil,Country
Canada,R&B
UK,Classical
France,Jazz
UK,Hip-Hop
Australia,EDM
France,Classical
Canada,Rock
South Korea,Pop
Japan,Reggae
UK,Rock
UK,Metal
USA,Reggae
Brazil,R&B
Brazil,Reggae
UK,EDM
India,Jazz
India,Jazz
India,EDM
France,Classical
Brazil,Jazz
France,Metal
India,R&B
South Korea,Classical
USA,Classical
France,Reggae
USA,Metal
South Korea,Pop
UK,Rock
India,R&B
Japan,Reggae
UK,R&B
France,Jazz
France,Reggae
Germany,Classical
France,Country
Canada,Metal
Australia,Jazz
India,Jazz
Canada,Rock
Australia,Metal
India,Hip-Hop
India,Reggae
UK,Country
UK,Jazz
Australia,R&B
India,Reggae
Brazil,Metal
Australia,R&B
France,Hip-Hop
Germany,Reggae
UK,Metal
Australia,Rock
Australia,Metal
Brazil,Country
Canada,Rock
Brazil,Pop
Canada,Classical
India,Classical
Brazil,R&B
Germany,R&B
Japan,Hip-Hop
Australia,Pop
Germany,Pop
USA,Reggae
France,Pop
South Korea,Hip-Hop
India,Classical
Australia,R&B
Brazil,Reggae
Canada,Pop
USA,EDM
Japan,Reggae
France,Jazz
Japan,Metal
Brazil,R&B
Brazil,Jazz
South Korea,Metal
France,Pop
USA,EDM
Australia,Pop
South Korea,Metal
France,Pop
UK,Pop
Canada,Pop
Brazil,Classical
Germany,R&B
South Korea,Country
Japan,Country
Brazil,Pop
India,Rock
South Korea,Reggae
Brazil,Pop
Germany,Hip-Hop
Germany,EDM
Japan,Rock
South Korea,Jazz
Canada,Hip-Hop
Japan,Classical
India,Reggae
Germany,Jazz
USA,Metal
Japan,Rock
South Korea,Rock
UK,Rock
Brazil,Hip-Hop
France,EDM
Canada,EDM
Brazil,R&B
USA,Rock
India,Classical
Brazil,R&B
France,Jazz
India,Country
UK,R&B
India,Classical
UK,Country
Japan,Country
Japan,EDM
UK,Classical
Germany,Pop
Germany,Reggae
UK,Classical
UK,Rock
India,Pop
Germany,Jazz
South Korea,Jazz
South Korea,Country
India,Rock
USA,R&B
UK,Rock
Brazil,Reggae
South Korea,Hip-Hop
UK,Country
Canada,R&B
South Korea,Reggae
South Korea,Pop
USA,EDM
Australia,Jazz
USA,Hip-Hop
Canada,Rock
USA,Metal
Japan,Rock
France,Metal
Australia,Rock
Australia,Rock
South Korea,Rock
France,Reggae
UK,Country
Japan,R&B
South Korea,Rock
USA,Reggae
India,Jazz
USA,Pop
France,Pop
Japan,Hip-Hop
UK,Country
India,Metal
Brazil,Country
India,Classical
India,Country
South Korea,Reggae
Japan,Pop
Germany,Jazz
Japan,Country
Germany,Classical
Australia,Jazz
USA,Reggae
Japan,Hip-Hop
Canada,EDM
USA,Reggae
South Korea,Rock
Japan,Jazz
USA,Rock
France,Reggae
Japan,Pop
UK,Reggae
Brazil,Hip-Hop
Brazil,Rock
South Korea,Metal
India,Rock
France,Pop
South Korea,Pop
Brazil,R&B
India,Hip-Hop
Brazil,Reggae
France,Hip-Hop
South Korea,Classical
USA,EDM
USA,Metal
Japan,Metal
Australia,Jazz
Brazil,Classical
Germany,Rock
Germany,R&B
USA,EDM
UK,Rock
Germany,Classical
France,Hip-Hop
South Korea,Rock
Japan,Reggae
Australia,Rock
USA,Jazz
Australia,Rock
Canada,Reggae
USA,Rock
India,Metal
France,Hip-Hop
Canada,Pop
Germany,Pop
Germany,R&B
Japan,Hip-Hop
Japan,Jazz
Japan,R&B
UK,Hip-Hop
UK,Pop
UK,R&B
India,Classical
Japan,Jazz
Brazil,Country
UK,Metal
Brazil,Hip-Hop
UK,Metal
USA,Rock
Germany,R&B
France,Hip-Hop
Australia,Pop
France,R&B
France,EDM
Canada,Hip-Hop
UK,Rock
India,Jazz
South Korea,Classical
India,Rock
Australia,Classical
USA,Pop
Canada,Jazz
UK,Country
Germany,Pop
Australia,Jazz
USA,Reggae
Brazil,Pop
India,Country
France,Metal
Australia,Hip-Hop
Brazil,Reggae
Australia,Hip-Hop
UK,Classical
UK,R&B
Germany,Pop
Brazil,Pop
Germany,Jazz
Japan,Country
Canada,Country
USA,Metal
UK,Jazz
Germany,Rock
France,Reggae
Canada,Pop
France,Metal
USA,Jazz
Japan,Country
France,Reggae
India,Reggae
Canada,Hip-Hop
Australia,Pop
India,Jazz
France,Classical
South Korea,Metal
Japan,EDM
Canada,Pop
Brazil,Classical
France,Pop
Brazil,Country
Japan,Reggae
South Korea,Hip-Hop
India,Metal
Brazil,Pop
Germany,Country
Canada,Rock
India,Country
Germany,Classical
France,R&B
Germany,Hip-Hop
Germany,Country
France,Classical
India,Country
Canada,R&B
Brazil,Metal
USA,Jazz
India,EDM
Germany,Pop
France,Pop
Japan,Hip-Hop
UK,Jazz
Canada,Jazz
Australia,Pop
India,EDM
UK,Rock
South Korea,Classical
France,EDM
Brazil,Rock
France,Hip-Hop
Canada,R&B
Australia,Jazz
Brazil,Pop
USA,Metal
South Korea,R&B
Australia,Jazz
Germany,Metal
Japan,Jazz
UK,EDM
USA,Metal
India,Pop
South Korea,Hip-Hop
South Korea,R&B
India,Rock
USA,Classical
Japan,Pop
South Korea,Rock
Brazil,Pop
South Korea,Country
Canada,Reggae
UK,Metal
India,Hip-Hop
Brazil,EDM
Brazil,R&B
Germany,Classical
USA,EDM
Canada,Jazz
Canada,Pop
Australia,Reggae
UK,Classical
India,Metal
India,Classical
South Korea,Metal
Brazil,R&B
Germany,Reggae
France,Classical
Canada,Jazz
South Korea,Country
South Korea,Metal
South Korea,Classical
Canada,Jazz
South Korea,R&B
UK,Metal
Japan,Country
Germany,Classical
India,Jazz
Canada,EDM
Canada,Metal
France,Classical
USA,Metal
Australia,Reggae
UK,Country
India,Pop
India,Pop
South Korea,Metal
India,Reggae
South Korea,R&B
India,Metal
Brazil,Hip-Hop
Germany,R&B
India,Jazz
South Korea,Classical
Japan,Jazz
Canada,EDM
India,Metal
France,R&B
USA,Classical
India,Metal
South Korea,Classical
Japan,Metal
Brazil,Country
India,Hip-Hop
South Korea,EDM
Canada,R&B
Germany,Pop
Canada,Pop
France,EDM
South Korea,Reggae
UK,Metal
Australia,Country
South Korea,Classical
South Korea,Metal
Australia,Rock
Australia,Country
Australia,R&B
UK,R&B
Australia,Metal
USA,R&B
South Korea,Jazz
Brazil,Classical
France,Pop
UK,Country
India,Reggae
India,Metal
UK,Rock
UK,Jazz
USA,Hip-Hop
Germany,Hip-Hop
Brazil,R&B
South Korea,Pop
Germany,Pop
USA,EDM
Australia,Rock
South Korea,Jazz
Germany,Reggae
India,Pop
South Korea,Metal
Brazil,Metal
UK,Metal
UK,Classical
Brazil,EDM
Australia,Pop
India,Reggae
Australia,Pop
South Korea,Classical
South Korea,R&B
India,R&B
India,EDM
France,Hip-Hop
UK,Country
South Korea,Rock
India,Jazz
Brazil,Rock
Germany,Metal
Canada,Rock
Germany,Jazz
Australia,Jazz
USA,Reggae
Canada,EDM
Australia,EDM
India,Rock
Australia,Reggae
Germany,Pop
UK,Pop
UK,Metal
India,R&B
Germany,Rock
Australia,R&B
UK,R&B
Canada,Pop
Canada,EDM
India,Metal
Japan,Jazz
France,Country
Brazil,Rock
Canada,Reggae
Japan,Pop
Canada,Classical
UK,Pop
South Korea,Pop
Australia,R&B
Japan,Hip-Hop
India,R&B
Japan,R&B
France,Rock
USA,Pop
Canada,Pop
Japan,Classical
India,Country
Canada,EDM
France,Hip-Hop
Canada,Rock
India,Pop
South Korea,Reggae
USA,Rock
Brazil,Jazz
South Korea,Hip-Hop
Brazil,Metal
Brazil,R&B
France,Reggae
USA,Metal
India,Rock
India,Reggae
Japan,R&B
Australia,EDM
Australia,Reggae
India,R&B
UK,Pop
South Korea,Country
India,Pop
UK,Reggae
Japan,Country
Germany,Hip-Hop
France,Jazz
Japan,Pop
USA,Hip-Hop
France,EDM
UK,Reggae
Canada,Reggae
France,Hip-Hop
USA,Metal
Germany,Hip-Hop
South Korea,R&B
Australia,Jazz
Canada,EDM
Australia,R&B
South Korea,Hip-Hop
Canada,Hip-Hop
South Korea,Hip-Hop
Australia,Hip-Hop
UK,Rock
Canada,Country
India,Hip-Hop
Canada,EDM
UK,Classical
Canada,R&B
Australia,Rock
Germany,EDM
Brazil,EDM
South Korea,Rock
Australia,Jazz
USA,Pop
France,Metal
France,Classical
Japan,Metal
Australia,Jazz
USA,EDM
South Korea,Rock
Australia,Metal
Brazil,Classical
Japan,EDM
Canada,Reggae
Brazil,Pop
Brazil,Rock
France,Rock
South Korea,Rock
UK,Country
South Korea,Metal
France,EDM
France,Jazz
Canada,Pop
Australia,Reggae
Japan,Metal
India,EDM
UK,Hip-Hop
South Korea,Rock
USA,R&B
Canada,Reggae
Germany,Rock
Australia,Rock
Australia,Rock
Australia,Hip-Hop
South Korea,Country
Japan,Country
USA,Metal
India,EDM
USA,Pop
Germany,EDM
India,Pop
Germany,Reggae
India,R&B
Australia,Jazz
UK,Pop
USA,Classical
Australia,Country
Germany,Pop
India,Classical
India,Reggae
South Korea,Hip-Hop
Japan,Jazz
Brazil,R&B
Brazil,Pop
Canada,Pop
Germany,Country
Canada,EDM
Germany,EDM
South Korea,Hip-Hop
France,Classical
India,Pop
UK,Jazz
Germany,Metal
Canada,EDM
Australia,Classical
Canada,Country
Canada,Hip-Hop
South Korea,Jazz
Brazil,Country
France,Rock
Japan,Rock
USA,EDM
USA,Jazz
Canada,EDM
Germany,Country
South Korea,Hip-Hop
UK,Reggae
Japan,Hip-Hop
Canada,EDM
Australia,Classical
Japan,Classical
South Korea,Metal
Canada,Jazz
UK,Country
USA,Classical
Germany,Jazz
Brazil,R&B
India,Jazz
South Korea,R&B
Japan,EDM
Japan,Pop
USA,Jazz
UK,Metal
Germany,Rock
France,R&B
USA,Country
France,Jazz
Australia,Metal
Japan,Hip-Hop
Brazil,Jazz
Canada,Metal
Germany,Reggae
Brazil,Country
Brazil,Classical
Japan,Hip-Hop
Canada,Classical
Australia,Hip-Hop
USA,Classical
India,Jazz
UK,Hip-Hop
India,R&B
USA,EDM
Canada,Jazz
UK,Rock
Brazil,Classical
South Korea,Classical
Australia,Jazz
Japan,Jazz
Brazil,Rock
India,Country
Japan,Reggae
Australia,Country
France,Jazz
Canada,R&B
France,Reggae
Australia,Country
Australia,Reggae
France,Metal
Japan,R&B
Canada,Pop
Germany,Country
France,R&B
France,Country
Canada,Metal
Brazil,Rock
Germany,Jazz
France,Reggae
India,Jazz
Canada,Hip-Hop
South Korea,Classical
Brazil,Classical
India,Reggae
Japan,Hip-Hop
Canada,Metal
South Korea,Reggae
UK,Jazz
India,Jazz
Japan,Reggae
France,Metal
India,Reggae
South Korea,Rock
India,Rock
France,Reggae
Japan,Rock
France,Rock
France,Rock
India,Pop
Canada,Classical
South Korea,Rock
Canada,Hip-Hop
Japan,Metal
Germany,Pop
Germany,Rock
India,Reggae
USA,Reggae
Japan,Classical
France,EDM
France,Hip-Hop
USA,Jazz
Australia,Rock
Japan,EDM
Germany,Classical
Japan,Hip-Hop
Japan,Jazz
UK,Pop
France,Hip-Hop
South Korea,R&B
India,Classical
Brazil,EDM
Japan,Country
Japan,Metal
South Korea,Rock
Germany,EDM
UK,Country
Canada,R&B
South Korea,Hip-Hop
USA,EDM
USA,Jazz
Canada,Rock
Brazil,Reggae
India,Jazz
USA,Classical
Japan,Hip-Hop
Brazil,Metal
Canada,Jazz
USA,Pop
India,Jazz
France,EDM
India,Hip-Hop
UK,Metal
Australia,Hip-Hop
India,R&B
Brazil,Classical
Brazil,Reggae
UK,Classical
Canada,Classical
Brazil,Country
France,Pop
France,Metal
France,R&B
Canada,EDM
Brazil,Classical
Germany,Classical
Australia,Rock
South Korea,Metal
UK,Country
France,Rock
UK,EDM
Canada,Rock
USA,Pop
USA,Reggae
USA,Rock
USA,Metal
Japan,Country
Japan,Classical
South Korea,EDM
South Korea,Rock
Brazil,Hip-Hop
USA,EDM
Brazil,Jazz
South Korea,Jazz
South Korea,Rock
India,EDM
India,Hip-Hop
India,Reggae
Japan,EDM
USA,Classical
Japan,EDM
Japan,Reggae
Germany,Rock
USA,Metal
Brazil,Jazz
Japan,Reggae
Japan,Metal
Germany,R&B
Australia,Jazz
USA,EDM
Japan,Hip-Hop
USA,Jazz
South Korea,R&B
Canada,Jazz
South Korea,Country
India,Pop
France,R&B
USA,Rock
Brazil,Jazz
Australia,Classical
Australia,Metal
Canada,Country
Brazil,Reggae
India,EDM
USA,Classical
India,Reggae
India,Reggae
Japan,Country
France,Jazz
India,Classical
UK,Jazz
Canada,Jazz
Japan,Pop
Japan,Jazz
France,Reggae
India,Jazz
Brazil,Jazz
USA,R&B
France,Reggae
India,Classical
South Korea,Metal
UK,EDM
Canada,Country
Germany,Hip-Hop
Brazil,EDM
Germany,Pop
Brazil,Classical
India,Reggae
Australia,Jazz
India,Classical
Japan,Pop
USA,Metal
India,Reggae
UK,EDM
UK,Metal
France,Country
UK,Classical
South Korea,Pop
Japan,R&B
Australia,Reggae
USA,Country
Japan,EDM
South Korea,R&B
UK,Reggae
UK,Reggae
UK,Rock
Canada,Classical
Japan,Rock
USA,R&B
Australia,Metal
Canada,Jazz
Canada,Country
Brazil,Country
Canada,Country
UK,Metal
Germany,Classical
Germany,Classical
Japan,Classical
Japan,Jazz
Canada,Hip-Hop
South Korea,Reggae
Australia,EDM
Germany,Jazz
USA,Pop
Japan,Pop
USA,Country
Canada,Metal
USA,Country
Japan,Jazz
India,Metal
South Korea,Reggae
Canada,R&B
Australia,Pop
UK,R&B
Germany,Jazz
UK,Hip-Hop
Canada,Classical
USA,Jazz
Australia,Country
South Korea,Reggae
UK,Hip-Hop
France,Classical
South Korea,Pop
India,R&B
Japan,Reggae
Australia,Hip-Hop
Germany,Metal
USA,Jazz
Germany,Classical
USA,Reggae
Brazil,Reggae
Australia,Classical
Japan,Metal
France,Rock
Canada,Jazz
Japan,Metal
Brazil,Classical
UK,R&B
India,Reggae
France,Hip-Hop
South Korea,Rock
South Korea,Country
France,Jazz
Brazil,Hip-Hop
UK,Classical
Japan,Country
USA,Reggae
Germany,Rock
Canada,Rock
Japan,Classical
Japan,R&B
France,Jazz
France,EDM
Japan,Pop
Brazil,Country
Japan,Classical
South Korea,Metal
Australia,Reggae
UK,Reggae
Germany,Hip-Hop
Canada,Hip-Hop
South Korea,Hip-Hop
France,R&B
Australia,Rock
South Korea,Pop
Japan,Metal
Japan,Hip-Hop
Canada,EDM
UK,Classical
Australia,Metal
Japan,Pop
USA,Classical
France,Pop
Germany,Reggae
Germany,Hip-Hop
Australia,Country
Canada,R&B
Australia,Country
Canada,EDM
Canada,Rock
Brazil,R&B
Australia,Jazz
Australia,Classical
Canada,Country
Japan,Country
Canada,Jazz
Japan,R&B
Australia,Rock
Brazil,Reggae
Japan,Pop
Germany,Rock
UK,Classical
Brazil,Pop
Germany,Country
India,Classical
USA,Reggae
Germany,EDM
Germany,Jazz
Japan,EDM
Australia,Metal
Canada,Classical
Australia,Hip-Hop
France,Metal
Canada,Country
Canada,Metal
Australia,R&B
India,Reggae
USA,Classical
USA,Country
USA,R&B
Brazil,Reggae
India,Pop
USA,Rock
India,Country
India,Classical
Australia,R&B
UK,EDM
South Korea,EDM
Canada,Reggae
USA,Metal
Brazil,Hip-Hop
Japan,Hip-Hop
USA,Country
India,Hip-Hop
India,Country
South Korea,Metal
Australia,Metal
Japan,EDM
UK,Pop
Canada,Country
Japan,Reggae
Germany,EDM
Brazil,R&B
Australia,Rock
UK,Pop
Brazil,EDM
France,Hip-Hop
France,Rock
UK,Jazz
Australia,Rock
Brazil,R&B
UK,Pop
South Korea,Rock
India,Rock
Germany,Pop
Brazil,Classical
India,Country
Brazil,Classical
Canada,Reggae
Canada,Hip-Hop
Australia,Rock
Canada,Metal
Japan,Country
UK,Metal
Canada,Pop
France,Country
Brazil,R&B
Brazil,Reggae
Japan,Reggae
Canada,Classical
Australia,Rock
Japan,Rock
Australia,Hip-Hop
Japan,Classical
Brazil,EDM
Brazil,EDM
Japan,Jazz
Brazil,Classical
South Korea,R&B
USA,EDM
UK,EDM
Australia,Reggae
UK,Pop
Japan,Jazz
Japan,Country
Brazil,Metal
Japan,Reggae
France,Country
South Korea,Hip-Hop
UK,Hip-Hop
Australia,Hip-Hop
Japan,Pop
Brazil,Country
Canada,Reggae
Brazil,Jazz
France,Reggae
France,Metal
Canada,Reggae
India,Country
Australia,Pop
India,Hip-Hop
Australia,Pop
Germany,EDM
USA,Rock
Brazil,Rock
Germany,Hip-Hop
South Korea,Classical
France,Rock
Canada,Metal
South Korea,R&B
Japan,Reggae
India,Metal
India,Hip-Hop
Japan,Metal
USA,EDM
Germany,R&B
Brazil,Metal
India,Rock
Brazil,Reggae
Germany,R&B
South Korea,Country
India,Country
Canada,Reggae
UK,Reggae
Germany,Country
USA,EDM
Canada,Hip-Hop
South Korea,EDM
Canada,Hip-Hop
UK,R&B
Australia,Country
India,Reggae
South Korea,Metal
Japan,Hip-Hop
Germany,Reggae
UK,Jazz
Japan,Rock
South Korea,Reggae
France,Classical
India,Reggae
Japan,Reggae
UK,Reggae
India,Reggae
Germany,Hip-Hop
Australia,Classical
France,Country
South Korea,Country
UK,Country
Brazil,Jazz
Australia,Classical
Brazil,Metal
UK,Metal
UK,Country
Japan,Pop
Brazil,Rock
India,Hip-Hop
USA,Country
USA,Reggae
Australia,Metal
France,Metal
France,Country
Australia,Hip-Hop
UK,Reggae
France,Pop
UK,Hip-Hop
Australia,Jazz
India,Metal
UK,Classical
India,Pop
Japan,Jazz
Brazil,Hip-Hop
Germany,Country
South Korea,Country
India,Rock
France,Country
Canada,R&B
Canada,Classical
Canada,Classical
Brazil,Metal
Germany,Rock
Japan,R&B
Germany,Country
France,Country
Japan,Classical
South Korea,Hip-Hop
UK,Country
South Korea,Country
USA,EDM
UK,Metal
Japan,Pop
UK,Classical
Australia,Classical
Brazil,Hip-Hop
UK,Rock
USA,Reggae
Japan,Pop
Brazil,Classical
UK,EDM
South Korea,Hip-Hop
Australia,Classical
France,Classical
Japan,Reggae
Germany,R&B
Canada,Hip-Hop
UK,Country
India,Rock
Brazil,Classical
Australia,Hip-Hop
Germany,EDM
Japan,Metal
Brazil,Rock
Brazil,Jazz
USA,Classical
UK,Reggae
South Korea,Metal
Canada,EDM
Brazil,R&B
Canada,Jazz
UK,R&B
Japan,Rock
Australia,Metal
France,Jazz
Australia,Jazz
South Korea,Hip-Hop
France,Metal
UK,Metal
Canada,Jazz
Japan,Jazz
Australia,Pop
Japan,EDM
Australia,EDM
Japan,Reggae
Canada,Country
India,Country
India,Pop
Australia,Classical
UK,Country
Canada,R&B
UK,Rock
Germany,EDM
Canada,Jazz
Japan,Jazz
France,Classical
India,Rock
France,Pop
Japan,Classical
Australia,EDM
Canada,EDM
Japan,Pop
Germany,Country
France,Jazz
India,Hip-Hop
Brazil,Jazz
Canada,Reggae
Brazil,Classical
Germany,Jazz
Brazil,Rock
South Korea,Pop
Japan,Jazz
South Korea,Metal
UK,R&B
France,Hip-Hop
India,Metal
Canada,Reggae
Brazil,Rock
Japan,Country
Canada,Hip-Hop
Japan,Hip-Hop
South Korea,Country
Australia,Rock
South Korea,Rock
France,Pop
France,Hip-Hop
Brazil,Pop
Brazil,Jazz
USA,Metal
Canada,Jazz
India,Rock
Brazil,EDM
UK,Rock
USA,EDM
USA,Reggae
UK,Jazz
USA,EDM
USA,Classical
Canada,Hip-Hop
USA,Metal
India,Classical
France,R&B
UK,Metal
Brazil,Hip-Hop
UK,EDM
France,Metal
Australia,Hip-Hop
Canada,Country
USA,Classical
UK,Jazz
USA,Jazz
Japan,Pop
France,Reggae
Australia,Hip-Hop
Brazil,Metal
USA,Country
France,Rock
Germany,Jazz
India,Rock
South Korea,Metal
Germany,Classical
India,Pop
India,Metal
Germany,EDM
USA,Classical
Germany,Rock
Australia,Hip-Hop
France,Pop
Australia,Country
Australia,R&B
India,Hip-Hop
India,Rock
Australia,Pop
USA,Country
Brazil,R&B
India,Classical
USA,Rock
Canada,Hip-Hop
France,Reggae
India,Rock
Germany,Jazz
Canada,Hip-Hop
USA,Metal
South Korea,Country
France,Reggae
France,EDM
Brazil,Reggae
India,R&B
France,Jazz
Germany,Jazz
Japan,Reggae
South Korea,Classical
France,EDM
France,R&B
India,Classical
Japan,Reggae
UK,R&B
Australia,R&B
Brazil,Classical
South Korea,R&B
Brazil,Metal
France,Hip-Hop
India,Rock
France,Hip-Hop
India,Classical
Japan,Pop
Germany,Classical
USA,Metal
Canada,EDM
India,R&B
Japan,R&B
Canada,EDM
Canada,Jazz
France,Jazz
USA,Rock
Brazil,Hip-Hop
Australia,Jazz
France,Jazz
UK,Classical
India,Jazz
Germany,Reggae
Japan,R&B
South Korea,Classical
Brazil,Reggae
Japan,Hip-Hop
Canada,Reggae
UK,Reggae
Japan,EDM
USA,Rock
France,Pop
South Korea,R&B
South Korea,Classical
Germany,Jazz
Japan,Country
UK,R&B
Germany,Hip-Hop
Canada,Metal
South Korea,EDM
Canada,Reggae
UK,Pop
Japan,Rock
Germany,Hip-Hop
India,R&B
South Korea,Country
France,EDM
Brazil,Metal
Canada,Reggae
Japan,Pop
India,Jazz
Canada,Pop
Australia,Pop
Brazil,Classical
Brazil,Country
USA,Rock
South Korea,Reggae
Japan,Country
South Korea,Rock
India,Pop
France,Classical
Germany,Rock
France,Hip-Hop
UK,Classical
India,Country
France,Country
Germany,EDM
UK,Country
France,Reggae
Brazil,Pop
France,Hip-Hop
France,EDM
UK,Metal
Canada,Rock
Germany,EDM
South Korea,Classical
Brazil,Classical
USA,Reggae
USA,R&B
India,R&B
Japan,Hip-Hop
Brazil,Rock
Canada,Classical
France,Country
UK,R&B
France,R&B
India,Jazz
Australia,Jazz
Brazil,Hip-Hop
South Korea,Hip-Hop
Brazil,Hip-Hop
Canada,EDM
India,Jazz
India,Jazz
France,Metal
Germany,EDM
South Korea,Metal
South Korea,Metal
UK,Reggae
India,Classical
France,Rock
Germany,EDM
Germany,Jazz
India,Country
UK,R&B
Canada,Jazz
France,EDM
Canada,Pop
USA,Rock
UK,Jazz
France,Classical
Brazil,Jazz
Australia,Rock
Japan,EDM
France,Country
USA,Country
USA,R&B
Germany,Classical
Canada,Hip-Hop
Canada,EDM
Germany,Country
USA,Rock
South Korea,Metal
Canada,Jazz
USA,Reggae
Germany,Metal
Japan,EDM
Brazil,Country
Japan,Reggae
Japan,Country
USA,Metal
India,R&B
Germany,Reggae
Japan,Hip-Hop
USA,Jazz
USA,EDM
Brazil,Jazz
France,Hip-Hop
Canada,Classical
Brazil,Hip-Hop
India,Reggae
Germany,Pop
Japan,Country
Japan,Reggae
Brazil,Reggae
South Korea,Rock
Japan,Jazz
India,Hip-Hop
Brazil,Rock
India,Country
Canada,R&B
USA,Jazz
India,Country
Germany,Reggae
Canada,R&B
UK,EDM
Brazil,Country
South Korea,Country
Japan,EDM
France,Classical
South Korea,Jazz
Australia,EDM
France,EDM
Germany,Hip-Hop
Brazil,R&B
UK,Jazz
India,Pop
Germany,Country
India,Hip-Hop
Japan,Country
Japan,Jazz
Canada,Reggae
Australia,Metal
Brazil,Country
Canada,Hip-Hop
Germany,R&B
UK,Pop
Japan,Country
Australia,Classical
Canada,EDM
Germany,R&B
Australia,R&B
Australia,R&B
South Korea,R&B
France,Rock
Japan,Jazz
France,Pop
Japan,R&B
South Korea,Country
USA,Pop
USA,Rock
India,Hip-Hop
Germany,Country
USA,R&B
USA,Rock
Germany,Metal
Brazil,Metal
France,R&B
Brazil,Reggae
Germany,Reggae
USA,R&B
Brazil,EDM
Australia,Rock
USA,EDM
UK,Metal
South Korea,R&B
Canada,Classical
Japan,Classical
India,Jazz
Canada,Hip-Hop
UK,Reggae
South Korea,Reggae
India,Hip-Hop
South Korea,R&B
India,Hip-Hop
France,EDM
Germany,Metal
Germany,Metal
Australia,Metal
South Korea,Rock
South Korea,Reggae
Germany,Rock
South Korea,Pop
France,Rock
Australia,Hip-Hop
Australia,R&B
Canada,Jazz
Australia,Country
Australia,Jazz
Canada,EDM
Japan,R&B
UK,Reggae
South Korea,Hip-Hop
France,Rock
Canada,Classical
France,Reggae
India,Reggae
Canada,Jazz
UK,Rock
Brazil,Jazz
UK,Hip-Hop
Australia,Metal
South Korea,R&B
UK,Pop
Germany,EDM
Brazil,Reggae
South Korea,Rock
UK,R&B
France,Jazz
South Korea,Rock
UK,EDM
Germany,R&B
Canada,Jazz
India,Metal
India,Rock
India,Reggae
India,EDM
South Korea,EDM
Japan,Country
USA,Pop
USA,Country
UK,Classical
India,R&B
Australia,Reggae
Canada,R&B
South Korea,Reggae
India,Pop
Japan,Rock
USA,Classical
Japan,Metal
Germany,Country
France,EDM
USA,Pop
France,Rock
Australia,EDM
Brazil,Pop
Australia,Pop
UK,Pop
Japan,Metal
Canada,EDM
Brazil,Reggae
Germany,Classical
USA,Country
Germany,Metal
France,R&B
UK,R&B
Australia,Jazz
France,Hip-Hop
France,Country
Japan,R&B
Japan,Metal
Canada,Reggae
Germany,Pop
UK,Jazz
Canada,R&B
Germany,Rock
France,EDM
Canada,Country
India,R&B
Canada,Rock
Japan,Pop
Germany,Classical
Japan,Pop
Canada,Rock
Canada,Jazz
Australia,EDM
UK,Hip-Hop
Germany,EDM
Germany,Reggae
France,Reggae
Japan,Rock
Canada,Metal
Japan,Classical
Germany,Classical
USA,Pop
India,Metal
Australia,Country
UK,Pop
Germany,Classical
South Korea,Hip-Hop
UK,Rock
Canada,Jazz
Canada,EDM
South Korea,Jazz
UK,Rock
Canada,Hip-Hop
Canada,R&B
Germany,EDM
France,Jazz
Australia,Jazz
Japan,Classical
UK,Reggae
India,Jazz
Canada,R&B
USA,Metal
Japan,Classical
Brazil,Hip-Hop
Germany,Hip-Hop
Australia,Rock
USA,Reggae
France,Classical
USA,Metal
France,Classical
USA,Rock
Brazil,R&B
Japan,Reggae
Canada,Reggae
India,Country
Japan,Rock
India,Country
Brazil,Rock
UK,Rock
Brazil,Rock
Japan,EDM
Japan,Classical
Canada,Rock
Germany,EDM
India,EDM
Germany,Reggae
USA,Pop
Australia,Country
Germany,Country
Brazil,Country
Brazil,Classical
South Korea,Hip-Hop
Australia,Reggae
Japan,R&B
South Korea,EDM
South Korea,Reggae
Canada,R&B
France,Classical
Canada,Jazz
India,EDM
Germany,Rock
Germany,R&B
South Korea,Hip-Hop
Germany,Reggae
India,Pop
Brazil,Jazz
USA,Metal
Japan,Classical
India,Metal
Japan,R&B
Canada,EDM
UK,Rock
USA,Rock
Canada,Pop
Canada,Jazz
Canada,Country
Australia,Metal
Germany,Metal
USA,Jazz
South Korea,Reggae
Canada,Hip-Hop
Canada,Pop
Brazil,Hip-Hop
South Korea,Rock
France,Rock
France,Classical
Brazil,Hip-Hop
UK,Classical
Australia,Reggae
Japan,Hip-Hop
France,Country
Australia,Reggae
Japan,EDM
South Korea,EDM
UK,Rock
France,Country
India,Rock
South Korea,Classical
USA,R&B
France,Jazz
Brazil,Hip-Hop
Germany,Pop
South Korea,Pop
France,R&B
Japan,Jazz
South Korea,EDM
Brazil,R&B
Japan,Rock
UK,Jazz
Australia,Country
India,Country
Brazil,Jazz
South Korea,Jazz
Germany,Rock
Australia,Jazz
Germany,EDM
UK,R&B
USA,Hip-Hop
Japan,Jazz
France,Hip-Hop
Germany,EDM
India,Metal
South Korea,Jazz
Germany,Hip-Hop
UK,Hip-Hop
Canada,R&B
Canada,R&B
South Korea,R&B
South Korea,Reggae
Australia,Country
UK,Pop
South Korea,Metal
Canada,Reggae
Brazil,Jazz
USA,Country
USA,Metal
South Korea,Jazz
UK,Rock
France,Classical
UK,Hip-Hop
India,R&B
Canada,Pop
France,Classical
UK,Classical
India,Reggae
India,Jazz
France,R&B
Brazil,Classical
South Korea,Reggae
Brazil,EDM
Australia,Country
UK,EDM
Germany,Rock
Canada,Metal
UK,Classical
France,Classical
France,R&B
Japan,Country
Germany,Classical
France,Rock
France,Reggae
India,Hip-Hop
Canada,Metal
Brazil,R&B
France,Classical
Canada,R&B
USA,Classical
India,Metal
France,EDM
South Korea,Country
France,R&B
Brazil,Country
South Korea,Pop
Canada,Pop
Japan,Metal
Japan,Hip-Hop
India,Rock
UK,Hip-Hop
Brazil,R&B
Germany,Pop
Germany,Metal
Australia,Rock
France,Rock
France,Classical
Australia,Country
Brazil,Pop
France,Hip-Hop
USA,EDM
USA,Jazz
South Korea,Pop
USA,Pop
Australia,R&B
South Korea,Reggae
South Korea,Classical
Brazil,R&B
Japan,EDM
Germany,EDM
Germany,EDM
Canada,Rock
USA,Pop
South Korea,Reggae
France,R&B
Brazil,Country
USA,Metal
Australia,R&B
Brazil,EDM
France,Jazz
Australia,EDM
France,Hip-Hop
Japan,Jazz
Brazil,Hip-Hop
South Korea,Jazz
France,EDM
Australia,R&B
Germany,Reggae
Japan,Country
Australia,Reggae
Australia,Pop
South Korea,Pop
India,R&B
Japan,Metal
Germany,R&B
Brazil,EDM
France,Metal
France,Reggae
Canada,Classical
Brazil,Classical
South Korea,Pop
Brazil,Classical
UK,EDM
South Korea,Pop
Australia,Reggae
Australia,Reggae
France,Pop
India,Jazz
Australia,EDM
France,Reggae
Japan,Classical
Japan,Rock
Brazil,Pop
UK,Jazz
India,Pop
Germany,R&B
Brazil,Pop
USA,Rock
Germany,Classical
Canada,R&B
Germany,Jazz
USA,EDM
India,Jazz
UK,EDM
Germany,Metal
Brazil,Country
UK,Pop
Germany,Classical
France,Reggae
India,Hip-Hop
Germany,EDM
Australia,Classical
UK,Hip-Hop
Canada,EDM
UK,Hip-Hop
South Korea,Metal
Japan,Jazz
Australia,Classical
Brazil,Metal
UK,Classical
India,Reggae
Australia,EDM
USA,EDM
Australia,Classical
South Korea,R&B
South Korea,Hip-Hop
USA,Classical
Brazil,Reggae
Japan,Hip-Hop
UK,Metal
USA,Pop
Canada,Rock
South Korea,Rock
UK,Pop
India,Jazz
UK,Metal
Germany,R&B
France,Country
USA,Country
USA,EDM
Japan,Reggae
Australia,Hip-Hop
Brazil,Pop
Germany,Rock
Australia,EDM
India,Reggae
India,R&B
Japan,Jazz
Brazil,Country
Germany,Metal
USA,Reggae
India,Hip-Hop
Brazil,Classical
UK,Classical
Germany,Metal
Australia,Reggae
Canada,Country
Canada,Classical
Canada,R&B
India,Classical
Australia,Hip-Hop
UK,Rock
USA,Classical
USA,Country
Brazil,Rock
South Korea,EDM
USA,Jazz
Germany,Pop
Japan,Country
Japan,Jazz
Brazil,Country
Canada,Jazz
Japan,EDM
Germany,Country
USA,EDM
Japan,R&B
India,Classical
France,Pop
Germany,R&B
USA,Classical
Germany,Classical
Canada,R&B
Brazil,Jazz
USA,Jazz
Japan,Country
Canada,Pop
France,R&B
Canada,Classical
Brazil,Metal
Japan,EDM
UK,Metal
Australia,Classical
Japan,EDM
France,EDM
Canada,Hip-Hop
Germany,R&B
South Korea,Hip-Hop
India,R&B
France,Reggae
South Korea,Country
USA,Classical
Brazil,Country
UK,Reggae
UK,Metal
Australia,EDM
Canada,Pop
South Korea,EDM
Brazil,Classical
USA,Jazz
South Korea,Metal
Germany,R&B
Japan,R&B
Australia,Jazz
UK,EDM
USA,Reggae
India,Reggae
South Korea,Classical
UK,Hip-Hop
UK,Rock
Brazil,Classical
Brazil,Classical
UK,Jazz
UK,Reggae
Canada,Pop
Germany,Hip-Hop
Germany,Pop
Canada,Country
USA,Jazz
Germany,R&B
France,Reggae
Germany,Metal
Brazil,Rock
India,Hip-Hop
Germany,Hip-Hop
Germany,Country
Germany,Classical
Australia,Classical
France,Metal
Japan,Reggae
South Korea,Rock
Brazil,R&B
Germany,Metal
Brazil,R&B
UK,Hip-Hop
UK,Metal
USA,Classical
Germany,Classical
USA,Jazz
USA,Metal
Canada,EDM
Germany,Reggae
USA,Metal
India,EDM
Germany,Reggae
Australia,Hip-Hop
UK,EDM
Australia,EDM
India,Hip-Hop
Australia,Pop
Brazil,Rock
France,Reggae
Japan,Classical
Germany,Pop
UK,Rock
South Korea,EDM
India,Rock
Australia,Rock
Japan,Metal
Japan,Metal
Germany,Country
France,Rock
Canada,R&B
India,Hip-Hop
USA,R&B
UK,Reggae
Australia,Reggae
France,Jazz
Canada,Country
Germany,Jazz
USA,Reggae
Brazil,Reggae
South Korea,Reggae
UK,EDM
Brazil,Reggae
USA,Metal
UK,Reggae
UK,Jazz
India,Pop
Japan,R&B
Australia,Country
USA,Rock
UK,Reggae
Germany,Rock
Brazil,Metal
Germany,R&B
Australia,Classical
South Korea,Jazz
Germany,Jazz
France,R&B
Germany,Metal
Japan,Classical
South Korea,EDM
Canada,Rock
France,Rock
Canada,Hip-Hop
Brazil,Hip-Hop
Canada,Hip-Hop
India,Reggae
UK,Classical
Australia,Reggae
Brazil,Pop
Japan,Rock
South Korea,Metal
Germany,Pop
India,Hip-Hop
UK,Classical
Brazil,EDM
Brazil,Jazz
Australia,Pop
Canada,Country
UK,Hip-Hop
Australia,Pop
UK,Reggae
Canada,EDM
Brazil,Rock
USA,Metal
India,Country
India,Pop
Japan,Classical
Germany,Classical
USA,Country
South Korea,Reggae
South Korea,Country
Germany,Country
Japan,Rock
South Korea,Metal
France,Jazz
India,EDM
USA,Hip-Hop
UK,Rock
UK,EDM
South Korea,Reggae
Japan,Jazz
UK,EDM
Germany,Jazz
USA,Country
Australia,Country
Japan,Pop
USA,Reggae
India,R&B
Canada,Rock
Germany,Pop
USA,Country
Brazil,Hip-Hop
Australia,Country
Brazil,Country
Canada,EDM
UK,Reggae
France,R&B
Canada,Country
Australia,Pop
UK,Metal
Japan,Country
UK,R&B
South Korea,Country
Japan,Rock
South Korea,Rock
USA,Metal
Canada,Rock
Australia,Rock
South Korea,Rock
Australia,Pop
Japan,Rock
Germany,Metal
Australia,Country
USA,Jazz
Brazil,Rock
Brazil,Pop
Japan,Country
Brazil,Jazz
USA,EDM
India,Jazz
India,Pop
South Korea,Hip-Hop
Japan,Pop
France,Metal
India,Classical
South Korea,Rock
Germany,Jazz
Germany,Classical
USA,Pop
Germany,EDM
India,Hip-Hop
Brazil,Metal
France,Pop
Brazil,EDM
South Korea,R&B
Germany,Jazz
France,Jazz
Germany,R&B
France,EDM
Brazil,Pop
USA,Rock
Australia,Pop
Australia,Hip-Hop
Germany,EDM
Australia,EDM
Brazil,Classical
Japan,Country
USA,Country
Canada,EDM
Germany,Classical
USA,EDM
Germany,Metal
France,EDM
Brazil,Country
Brazil,Pop
Brazil,R&B
UK,Hip-Hop
Canada,R&B
USA,Classical
UK,Classical
UK,Jazz
India,Metal
South Korea,Hip-Hop
Germany,Metal
UK,Rock
UK,EDM
France,Rock
France,Jazz
India,Reggae
India,Rock
India,Pop
France,Hip-Hop
France,Jazz
UK,Hip-Hop
UK,Rock
South Korea,Rock
Canada,Metal
Canada,Pop
Australia,EDM
South Korea,Rock
Brazil,Pop
Brazil,Jazz
Japan,Metal
Australia,Rock
USA,Reggae
Brazil,Pop
Brazil,Reggae
Brazil,Rock
UK,Reggae
Japan,EDM
Australia,EDM
UK,Pop
South Korea,Classical
Brazil,Pop
Brazil,R&B
USA,Rock
India,Jazz
Canada,Metal
USA,R&B
Brazil,Reggae
UK,Metal
UK,Reggae
India,Reggae
South Korea,Jazz
South Korea,Metal
Japan,Hip-Hop
USA,Reggae
France,Jazz
Australia,Pop
South Korea,EDM
India,Classical
UK,Metal
USA,R&B
Japan,Rock
South Korea,Metal
UK,Hip-Hop
South Korea,R&B
Australia,R&B
Canada,Country
Japan,R&B
India,Rock
Germany,Jazz
Australia,Jazz
Canada,R&B
France,Reggae
Brazil,EDM
Australia,Country
USA,Jazz
Brazil,Rock
South Korea,Pop
USA,Jazz
Canada,Pop
Japan,Country
Australia,Metal
South Korea,Jazz
Canada,Country
Canada,Hip-Hop
USA,Metal
Australia,EDM
UK,Pop
Australia,Pop
India,Country
South Korea,EDM
USA,Rock
France,EDM
Japan,Reggae
France,Hip-Hop
Germany,Jazz
USA,R&B
South Korea,Classical
Australia,Jazz
Japan,Rock
Australia,R&B
Australia,Classical
India,Reggae
UK,Reggae
Australia,Reggae
USA,Metal
USA,Pop
India,Metal
South Korea,Hip-Hop
Germany,Rock
India,R&B
France,EDM
UK,Reggae
India,Classical
India,Classical
Germany,Classical
Japan,Hip-Hop
France,EDM
Canada,Hip-Hop
Canada,Reggae
France,Country
Australia,R&B
Canada,Rock
USA,Classical
USA,Country
South Korea,Jazz
Germany,R&B
Brazil,Rock
India,Hip-Hop
Canada,EDM
Australia,Reggae
Brazil,Classical
Brazil,Pop
Brazil,Classical
Japan,R&B
Canada,R&B
France,Reggae
France,Country
Brazil,Hip-Hop
USA,Country
Brazil,EDM
Brazil,R&B
Germany,EDM
Brazil,EDM
France,Metal
USA,Hip-Hop
Australia,R&B
South Korea,EDM
France,R&B
France,R&B
South Korea,EDM
France,Jazz
Japan,Metal
South Korea,Hip-Hop
UK,R&B
India,Pop
USA,Hip-Hop
UK,Classical
UK,Reggae
India,Jazz
Japan,EDM
South Korea,Classical
Australia,Rock
India,R&B
Germany,Jazz
South Korea,EDM
USA,EDM
France,Hip-Hop
India,Classical
Germany,Jazz
Brazil,Reggae
South Korea,EDM
Australia,Jazz
India,Hip-Hop
UK,Pop
Australia,EDM
India,Country
Canada,Classical
Australia,Pop
Brazil,R&B
Australia,Metal
South Korea,Classical
Australia,Classical
France,Metal
Australia,Metal
Brazil,R&B
India,EDM
Brazil,Classical
France,Country
France,Metal
India,Metal
South Korea,Hip-Hop
Canada,Country
Australia,EDM
Brazil,Rock
Japan,Jazz
UK,EDM
Australia,Reggae
USA,Country
Australia,EDM
Brazil,Hip-Hop
India,Pop
India,Classical
Brazil,Hip-Hop
Japan,Classical
Canada,Jazz
USA,Country
France,Hip-Hop
Japan,Hip-Hop
France,Reggae
India,Jazz
South Korea,Classical
South Korea,Jazz
Canada,Metal
France,R&B
Japan,Rock
France,Reggae
Australia,R&B
Australia,Rock
Brazil,Rock
UK,R&B
Canada,Reggae
India,Hip-Hop
France,Pop
Canada,Reggae
Japan,Pop
South Korea,Rock
USA,Pop
Brazil,Rock
Australia,Classical
Australia,Classical
Australia,Pop
UK,EDM
France,Metal
UK,R&B
South Korea,Classical
France,Country
India,Reggae
Germany,Jazz
UK,R&B
Australia,Country
Brazil,R&B
UK,Country
France,Classical
Brazil,Pop
India,Reggae
Brazil,Rock
India,Classical
Canada,Hip-Hop
Australia,Jazz
Japan,Metal
Brazil,Reggae
USA,Pop
Australia,Jazz
India,Reggae
USA,EDM
USA,Reggae
South Korea,EDM
France,Reggae
USA,Metal
Brazil,Classical
Japan,Country
Canada,Hip-Hop
Germany,Classical
France,Country
Australia,Hip-Hop
Japan,Pop
Canada,Jazz
Germany,Rock
South Korea,EDM
Japan,Reggae
Brazil,Pop
Australia,Pop
France,Reggae
France,R&B
Germany,Metal
Canada,Classical
South Korea,R&B
USA,EDM
Japan,Country
Australia,Hip-Hop
UK,Classical
Canada,Country
USA,R&B
Canada,Rock
Australia,Metal
South Korea,Classical
Japan,Reggae
USA,Classical
Japan,Metal
France,R&B
South Korea,Hip-Hop
UK,Jazz
USA,Rock
Germany,Metal
France,Rock
France,Jazz
UK,Pop
Brazil,Rock
South Korea,Jazz
India,Country
UK,Country
Canada,R&B
South Korea,Jazz
UK,Hip-Hop
UK,R&B
UK,Reggae
India,Classical
South Korea,Hip-Hop
USA,Classical
UK,Hip-Hop
UK,EDM
India,Classical
Germany,Metal
Germany,Metal
USA,Classical
Canada,Reggae
Japan,Metal
France,Pop
Brazil,R&B
France,Country
South Korea,EDM
Brazil,Jazz
Germany,Pop
India,Metal
India,Reggae
France,Reggae
Japan,Metal
UK,R&B
Germany,EDM
Brazil,Pop
USA,Jazz
Japan,Hip-Hop
Japan,EDM
Canada,Classical
Germany,Country
UK,Metal
France,Pop
Germany,EDM
South Korea,Country
UK,Hip-Hop
India,Classical
USA,Hip-Hop
Australia,Metal
Canada,Hip-Hop
Japan,Rock
South Korea,Reggae
Brazil,Reggae
Australia,Rock
USA,Jazz
UK,Pop
South Korea,Reggae
France,Jazz
South Korea,Pop
UK,Country
Australia,Classical
UK,Jazz
UK,Jazz
Brazil,Rock
Germany,Reggae
Japan,EDM
Canada,Jazz
India,Rock
Japan,Classical
Japan,Reggae
Canada,Country
Brazil,Pop
Japan,Pop
Japan,R&B
South Korea,Hip-Hop
Germany,Metal
France,Jazz
Brazil,Metal
Brazil,Country
Germany,Metal
USA,Pop
Japan,Pop
Brazil,EDM
Japan,Reggae
UK,R&B
Canada,Classical
UK,Hip-Hop
France,Pop
USA,R&B
USA,Hip-Hop
USA,Jazz
USA,Pop
Australia,Classical
Brazil,Rock
South Korea,Classical
UK,EDM
South Korea,Classical
Canada,R&B
Japan,R&B
Brazil,Country
Brazil,Country
South Korea,Metal
France,Classical
Japan,Jazz
Japan,Jazz
India,Pop
Canada,R&B
Brazil,EDM
South Korea,Country
Germany,EDM
UK,Reggae
India,Jazz
South Korea,Hip-Hop
USA,Country
UK,Pop
Japan,Pop
UK,Jazz
South Korea,Pop
Australia,Classical
Germany,EDM
USA,Pop
Germany,Classical
Japan,Jazz
Brazil,Metal
Japan,Country
South Korea,R&B
India,Rock
India,Rock
Brazil,Rock
France,Country
India,Metal
South Korea,EDM
Germany,Hip-Hop
Australia,Metal
South Korea,EDM
UK,EDM
Brazil,Jazz
Australia,Classical
Australia,EDM
Canada,Hip-Hop
South Korea,Reggae
USA,Classical
Brazil,EDM
USA,Pop
UK,Rock
USA,Reggae
Australia,Classical
USA,Jazz
Canada,Classical
Canada,Reggae
Australia,Jazz
Germany,Hip-Hop
Germany,EDM
Australia,Country
India,Metal
UK,EDM
USA,Hip-Hop
South Korea,R&B
Brazil,Metal
USA,Hip-Hop
Brazil,R&B
Brazil,Pop
UK,R&B
Australia,Country
Germany,Country
Canada,Pop
Canada,Pop
South Korea,Rock
France,Pop
Canada,Country
Australia,Metal
USA,Jazz
Japan,Hip-Hop
India,Classical
Japan,EDM
UK,R&B
Brazil,Metal
Brazil,Pop
Canada,Country
Germany,R&B
Brazil,EDM
Brazil,Pop
Brazil,Jazz
South Korea,Jazz
South Korea,Classical
Germany,EDM
Japan,R&B
South Korea,EDM
Canada,Classical
Australia,Metal
Brazil,Rock
Canada,Jazz
South Korea,Hip-Hop
France,R&B
South Korea,EDM
Germany,EDM
South Korea,Classical
USA,Metal
South Korea,EDM
South Korea,Reggae
Canada,Pop
USA,EDM
India,Classical
Canada,Metal
Germany,EDM
Brazil,Rock
UK,Reggae
South Korea,Metal
Canada,Jazz
Japan,Metal
USA,Reggae
South Korea,Jazz
Japan,EDM
Canada,EDM
South Korea,EDM
Japan,Country
Australia,EDM
India,Pop
Japan,Hip-Hop
Canada,Rock
Brazil,Rock
Brazil,Reggae
South Korea,R&B
Canada,Pop
Japan,Reggae
Japan,Classical
Germany,EDM
Australia,Rock
Canada,Jazz
Brazil,Hip-Hop
Canada,Jazz
Germany,Pop
USA,Hip-Hop
Brazil,EDM
Canada,Rock
South Korea,Jazz
Australia,Jazz
Australia,Rock
Japan,Metal
Brazil,Pop
South Korea,Reggae
South Korea,EDM
India,Jazz
South Korea,EDM
Germany,Hip-Hop
France,Country
South Korea,Hip-Hop
India,R&B
South Korea,R&B
India,EDM
South Korea,Jazz
Japan,EDM
France,Reggae
Canada,EDM
India,Country
India,EDM
UK,Rock
UK,Country
Australia,EDM
Canada,Classical
Australia,Jazz
France,Reggae
USA,Jazz
USA,Rock
Brazil,Pop
Canada,Metal
USA,Classical
India,Jazz
USA,Jazz
Japan,Rock
UK,Metal
Germany,Metal
India,Metal
France,R&B
Germany,Reggae
Australia,Hip-Hop
Australia,Country
South Korea,Metal
South Korea,Hip-Hop
USA,Rock
UK,Metal
India,Rock
Brazil,R&B
Canada,Rock
UK,Rock
Australia,Rock
South Korea,R&B
Canada,Reggae
USA,Hip-Hop
UK,Rock
USA,Classical
Australia,Pop
Australia,Metal
France,Pop
Australia,Country
Japan,Pop
Brazil,Pop
Brazil,Metal
Germany,Metal
Brazil,Country
UK,Classical
Australia,EDM
Brazil,Hip-Hop
Australia,Classical
USA,Pop
Canada,Pop
France,Country
Germany,EDM
India,Metal
India,Reggae
Japan,Metal
South Korea,Pop
South Korea,Metal
Australia,Hip-Hop
UK,Classical
Australia,Rock
Australia,R&B
France,Country
Brazil,Classical
Germany,Rock
Japan,Classical
India,Hip-Hop
Japan,EDM
Germany,Rock
Brazil,Hip-Hop
USA,Pop
South Korea,Hip-Hop
Australia,Hip-Hop
India,Country
Australia,Jazz
USA,Country
USA,Jazz
Germany,Reggae
France,Classical
Australia,Hip-Hop
South Korea,Rock
South Korea,Rock
Brazil,R&B
USA,Reggae
Brazil,R&B
UK,Metal
Brazil,Metal
Japan,Rock
UK,Rock
UK,EDM
UK,R&B
India,Classical
Australia,Pop
Brazil,Reggae
USA,Reggae
Brazil,Classical
South Korea,Metal
South Korea,R&B
South Korea,Country
USA,Metal
Germany,Reggae
UK,Hip-Hop
Australia,Metal
France,Metal
Japan,Classical
India,R&B
Brazil,Pop
India,Reggae
South Korea,EDM
India,Classical
USA,R&B
Brazil,R&B
Brazil,Country
Canada,Reggae
Canada,Country
Japan,Jazz
Australia,Reggae
Australia,Pop
France,Rock
France,Reggae
USA,Rock
UK,Pop
India,Pop
Japan,Country
UK,Jazz
USA,R&B
France,Rock
India,Rock
Canada,Rock
India,Reggae
Canada,Pop
Germany,EDM
Canada,Jazz
USA,Rock
USA,Reggae
UK,Classical
UK,R&B
Germany,Rock
Germany,Jazz
UK,Reggae
Germany,Reggae
Canada,Country
UK,Hip-Hop
South Korea,Metal
India,R&B
India,Metal
USA,Hip-Hop
USA,Rock
Germany,Metal
Canada,Jazz
South Korea,Jazz
USA,Jazz
Brazil,Metal
India,Country
South Korea,Metal
USA,Hip-Hop
Japan,Pop
France,Classical
USA,Hip-Hop
France,Hip-Hop
USA,Hip-Hop
India,EDM
Australia,Reggae
South Korea,Hip-Hop
Brazil,Country
USA,EDM
Germany,Hip-Hop
France,Pop
Canada,Metal
UK,Metal
Japan,Rock
USA,Pop
Australia,EDM
Japan,EDM
Germany,R&B
Brazil,R&B
Brazil,Hip-Hop
Japan,Reggae
Japan,EDM
Australia,Classical
India,Hip-Hop
Germany,Rock
France,Metal
UK,Metal
South Korea,Jazz
Brazil,Metal
Brazil,Rock
UK,Reggae
USA,R&B
Australia,Metal
Brazil,Reggae
UK,Hip-Hop
France,R&B
UK,Country
Japan,Rock
Australia,Country
Germany,Classical
Germany,Hip-Hop
UK,Reggae
USA,Country
Brazil,Pop
Brazil,Pop
Germany,Country
Australia,Metal
Brazil,Rock
India,Country
Germany,Country
South Korea,Rock
Brazil,EDM
Canada,Metal
UK,Rock
South Korea,Metal
Japan,Country
South Korea,Reggae
India,Reggae
Japan,Metal
Australia,Hip-Hop
Australia,EDM
UK,Pop
Germany,EDM
Brazil,R&B
Australia,Pop
France,Metal
USA,Metal
UK,Reggae
Germany,Hip-Hop
Brazil,Reggae
France,Hip-Hop
South Korea,Jazz
USA,R&B
Australia,Reggae
Japan,R&B
Japan,Country
Germany,Jazz
UK,Jazz
Australia,Rock
Canada,Hip-Hop
Canada,Country
UK,Hip-Hop
France,Reggae
South Korea,Metal
France,Country
UK,Country
Japan,Metal
Japan,Reggae
India,Hip-Hop
India,EDM
USA,Rock
Japan,R&B
USA,Classical
Japan,R&B
UK,Reggae
France,Classical
Germany,Metal
Japan,Reggae
India,Classical
Germany,Hip-Hop
USA,EDM
USA,Rock
South Korea,R&B
Brazil,R&B
USA,Classical
UK,Country
Brazil,Metal
France,EDM
USA,Hip-Hop
Canada,Jazz
Australia,Hip-Hop
South Korea,Reggae
India,EDM
Japan,Reggae
France,Jazz
Germany,Pop
UK,Rock
Australia,Jazz
Australia,Hip-Hop
Germany,R&B
India,Pop
USA,Reggae
Brazil,R&B
Canada,Metal
Canada,Country
Australia,Pop
Australia,EDM
USA,Reggae
Australia,Metal
Canada,R&B
Germany,EDM
Australia,Country
Canada,Rock
France,Pop
USA,Jazz
India,R&B
Brazil,Country
UK,Rock
USA,Reggae
UK,Reggae
Australia,Hip-Hop
UK,Classical
Brazil,Rock
France,Rock
Germany,R&B
Japan,Classical
Germany,Reggae
Brazil,Hip-Hop
USA,Rock
Japan,Pop
Japan,Classical
Brazil,Pop
Australia,Hip-Hop
India,Pop
Germany,EDM
Canada,Classical
Japan,Metal
Canada,EDM
India,Metal
South Korea,EDM
South Korea,R&B
France,Metal
Germany,Classical
Brazil,Metal
Australia,Reggae
UK,Pop
India,EDM
Australia,Hip-Hop
Canada,Hip-Hop
France,EDM
Japan,Pop
UK,Jazz
France,EDM
Canada,R&B
India,Country
France,Metal
South Korea,Country
South Korea,Classical
India,Metal
South Korea,Jazz
Germany,Country
Brazil,Classical
USA,Country
Germany,R&B
South Korea,Classical
Japan,Country
Japan,Hip-Hop
Brazil,EDM
Brazil,Country
UK,Jazz
Australia,Country
Australia,Jazz
France,Rock
USA,Classical
Germany,Classical
Australia,Pop
UK,Reggae
Germany,Pop
Canada,Country
UK,Pop
Germany,EDM
Canada,Pop
Brazil,Classical
South Korea,Hip-Hop
UK,Rock
UK,Pop
UK,EDM
France,Metal
South Korea,Reggae
USA,Country
India,Hip-Hop
France,Jazz
UK,Rock
India,Reggae
Canada,EDM
UK,Metal
USA,Classical
India,Jazz
India,Reggae
Germany,Rock
India,EDM
UK,Metal
Brazil,Reggae
Japan,Jazz
France,Jazz
Brazil,Country
India,EDM
UK,Country
Australia,EDM
Germany,Hip-Hop
Australia,Pop
UK,Pop
Germany,Country
USA,EDM
Germany,Jazz
Australia,Metal
South Korea,Jazz
India,Pop
Brazil,Country
Australia,Jazz
Japan,EDM
France,R&B
France,R&B
UK,Hip-Hop
Japan,Metal
Germany,Classical
Brazil,Pop
Brazil,Hip-Hop
UK,Pop
France,EDM
South Korea,EDM
Canada,Rock
Canada,Pop
France,Country
UK,Rock
South Korea,Jazz
Japan,Reggae
Germany,EDM
Brazil,Classical
USA,Classical
France,Metal
Canada,Rock
Brazil,Rock
Australia,Pop
India,EDM
South Korea,Jazz
UK,Metal
India,R&B
India,Reggae
Australia,R&B
Canada,Jazz
USA,Rock
Australia,Reggae
Brazil,Rock
Australia,Reggae
Germany,Rock
India,Reggae
USA,Reggae
USA,R&B
UK,Jazz
Canada,Classical
India,Metal
Germany,Country
South Korea,Jazz
Australia,EDM
Canada,Pop
Japan,Country
Australia,EDM
Germany,EDM
Japan,Jazz
USA,Metal
India,R&B
Japan,Hip-Hop
India,Metal
France,Rock
France,Rock
South Korea,Reggae
India,Reggae
France,Rock
Canada,Pop
USA,Pop
India,Reggae
France,Hip-Hop
Brazil,EDM
UK,Classical
Germany,Rock
Australia,Classical
Brazil,EDM
USA,Reggae
France,Metal
Japan,Metal
USA,Metal
Brazil,Jazz
India,Jazz
Japan,Jazz
Canada,EDM
USA,Classical
Australia,R&B
South Korea,Classical
South Korea,Hip-Hop
UK,Jazz
Canada,Metal
Germany,Jazz
Germany,Pop
Germany,Pop
USA,Metal
Germany,EDM
Germany,Pop
UK,Metal
Australia,Country
Brazil,Metal
South Korea,Reggae
South Korea,Pop
Brazil,Hip-Hop
Canada,Metal
Canada,R&B
Canada,Reggae
Australia,Country
Brazil,Classical
India,Country
Canada,Classical
Canada,Reggae
Brazil,Reggae
UK,Classical
UK,Jazz
Germany,Rock
India,Classical
Germany,Metal
Canada,Reggae
Japan,Hip-Hop
South Korea,EDM
India,Classical
France,Reggae
USA,Classical
Germany,R&B
France,Rock
Australia,Country
UK,Jazz
Germany,EDM
France,EDM
India,Jazz
Brazil,Country
Japan,R&B
South Korea,R&B
South Korea,Reggae
India,Hip-Hop
Australia,Hip-Hop
Australia,Rock
USA,Pop
Brazil,Jazz
Brazil,EDM
South Korea,Jazz
Canada,Jazz
India,Jazz
Germany,Metal
Australia,Pop
UK,Metal
France,Country
India,Rock
Japan,Jazz
South Korea,Hip-Hop
South Korea,R&B
UK,Pop
South Korea,R&B
France,Metal
India,Reggae
Australia,Country
Canada,Hip-Hop
South Korea,Rock
South Korea,Hip-Hop
Brazil,Metal
Germany,R&B
UK,Rock
South Korea,Country
Canada,Hip-Hop
Australia,Hip-Hop
UK,Metal
France,Hip-Hop
Germany,Classical
Brazil,Classical
France,EDM
UK,Reggae
Japan,EDM
Australia,Rock
UK,R&B
South Korea,Rock
France,Country
USA,Pop
USA,EDM
Canada,Country
South Korea,Reggae
Germany,R&B
Canada,Jazz
France,Country
India,Classical
UK,EDM
France,Jazz
Canada,Jazz
Japan,Classical
Japan,Rock
Germany,R&B
France,Classical
Australia,Pop
France,Country
Canada,Classical
India,Metal
South Korea,Hip-Hop
South Korea,R&B
Germany,Metal
Germany,Metal
USA,Country
UK,Jazz
Japan,Metal
India,Classical
Germany,Country
Brazil,Rock
France,R&B
Japan,Jazz
South Korea,Metal
Australia,Jazz
France,Country
Canada,Pop
UK,Rock
Brazil,Metal
Germany,Metal
USA,Country
India,R&B
South Korea,Hip-Hop
South Korea,Metal
Australia,Classical
Canada,Metal
India,Pop
UK,Metal
Germany,Rock
Japan,Reggae
Japan,Reggae
Germany,EDM
South Korea,R&B
South Korea,Classical
Germany,R&B
India,Pop
Australia,Pop
India,Hip-Hop
France,Rock
South Korea,Country
Canada,EDM
Japan,Country
UK,Hip-Hop
Australia,Reggae
France,EDM
UK,R&B
South Korea,R&B
France,Rock
Brazil,Jazz
France,Classical
Japan,Reggae
USA,EDM
Australia,R&B
Canada,Country
Japan,Country
Japan,Country
South Korea,R&B
Australia,Reggae
France,Classical
India,Reggae
Brazil,Reggae
USA,Rock
Australia,Hip-Hop
South Korea,Metal
UK,Rock
Canada,EDM
Australia,EDM
South Korea,Reggae
France,Hip-Hop
South Korea,Hip-Hop
France,EDM
USA,Pop
Australia,Classical
Australia,Reggae
USA,Metal
USA,Jazz
Canada,Rock
Australia,Reggae
Australia,Hip-Hop
Germany,Country
France,Jazz
UK,EDM
Canada,Reggae
Brazil,Jazz
Japan,Classical
Brazil,Classical
UK,Hip-Hop
South Korea,Rock
Germany,R&B
South Korea,Metal
Germany,EDM
Canada,Jazz
Brazil,Rock
UK,Jazz
USA,Jazz
UK,R&B
UK,Metal
Germany,R&B
UK,Classical
Australia,Hip-Hop
Australia,Pop
UK,Metal
South Korea,Rock
Japan,Pop
Canada,Country
Japan,Rock
India,EDM
Brazil,Classical
France,Hip-Hop
UK,Reggae
Japan,Rock
Canada,Pop
Canada,Classical
Japan,Classical
Japan,Classical
France,Country
Australia,Rock
France,Hip-Hop
Japan,Jazz
Australia,R&B
France,R&B
Germany,Reggae
Japan,Classical
UK,Rock
Australia,R&B
India,Country
India,Country
USA,R&B
UK,Jazz
France,Reggae
USA,Reggae
India,Pop
Australia,Reggae
Australia,Metal
UK,Jazz
Canada,Reggae
UK,Reggae
Australia,R&B
Canada,Metal
USA,Country
USA,Pop
Canada,Pop
Germany,Pop
South Korea,Metal
Brazil,Classical
Australia,Reggae
India,Metal
France,Pop
Australia,Classical
Canada,Rock
India,R&B
Brazil,Hip-Hop
Germany,R&B
Japan,R&B
Germany,Country
France,Metal
South Korea,Jazz
Japan,Metal
Canada,R&B
Japan,Jazz
Australia,R&B
USA,EDM
Brazil,EDM
Canada,R&B
Australia,Hip-Hop
Australia,R&B
Germany,Rock
Canada,Rock
France,Hip-Hop
Australia,EDM
South Korea,Classical
Australia,EDM
Japan,Rock
USA,Hip-Hop
Brazil,R&B
Japan,Pop
Germany,Rock
Brazil,Country
Germany,Rock
Canada,Pop
Australia,Reggae
India,R&B
Japan,Hip-Hop
USA,Hip-Hop
Germany,Metal
South Korea,Pop
Canada,Classical
South Korea,Hip-Hop
South Korea,Country
Brazil,Metal
India,Jazz
UK,R&B
Brazil,EDM
India,Jazz
Australia,Hip-Hop
Japan,Jazz
Japan,Pop
Germany,R&B
South Korea,Reggae
Japan,EDM
Australia,R&B
Canada,Country
Germany,Metal
Australia,Rock
India,Country
UK,Jazz
France,Hip-Hop
South Korea,Rock
Australia,R&B
Canada,R&B
Canada,R&B
Canada,Metal
UK,Rock
South Korea,Rock
Brazil,R&B
Japan,Hip-Hop
India,EDM
India,Country
Australia,Pop
Brazil,Jazz
France,Country
Canada,Jazz
France,EDM
Australia,EDM
USA,Jazz
Canada,Hip-Hop
USA,Reggae
USA,Reggae
USA,Country
South Korea,Classical
Australia,Country
South Korea,Country
Canada,Pop
Germany,Country
Germany,Hip-Hop
UK,R&B
Brazil,EDM
Australia,Jazz
UK,Reggae
UK,Jazz
UK,R&B
Australia,Pop
Brazil,EDM
Germany,Rock
Brazil,Hip-Hop
India,Country
France,Reggae
South Korea,Hip-Hop
Canada,EDM
India,Hip-Hop
India,Hip-Hop
India,Jazz
UK,Hip-Hop
France,Jazz
Canada,Reggae
Brazil,Country
India,Hip-Hop
USA,Rock
Japan,R&B
Australia,R&B
South Korea,Jazz
India,EDM
Australia,Classical
India,Metal
South Korea,EDM
Japan,Hip-Hop
South Korea,Hip-Hop
Germany,EDM
Australia,Jazz
France,R&B
Germany,EDM
France,EDM
Brazil,Hip-Hop
Australia,Country
France,Reggae
Brazil,Pop
Canada,R&B
Brazil,Classical
USA,Country
Canada,Country
Germany,Jazz
Canada,Reggae
Japan,Rock
Canada,Pop
Brazil,Country
South Korea,EDM
Brazil,Rock
Brazil,Hip-Hop
Japan,Country
Canada,Hip-Hop
Germany,Hip-Hop
France,Reggae
Germany,EDM
Canada,EDM
Japan,Reggae
Canada,Jazz
France,R&B
USA,Hip-Hop
Germany,EDM
UK,Reggae
UK,Classical
UK,Jazz
Australia,Jazz
India,Reggae
Germany,Metal
Japan,Classical
India,Jazz
France,Jazz
Australia,Rock
Canada,Jazz
Germany,EDM
India,Jazz
Germany,R&B
Australia,Metal
UK,Hip-Hop
USA,EDM
South Korea,Rock
India,Country
UK,Reggae
Canada,Jazz
Germany,Jazz
France,Country
Brazil,EDM
South Korea,Pop
South Korea,Country
UK,Reggae
India,Country
Australia,Classical
USA,EDM
Australia,EDM
USA,R&B
Canada,EDM
Germany,Hip-Hop
Brazil,EDM
USA,EDM
USA,Pop
Germany,Metal
South Korea,Country
UK,EDM
Germany,Classical
Japan,Pop
Canada,Country
Japan,Jazz
Germany,Country
Canada,R&B
Japan,Reggae
Brazil,Pop
France,Jazz
France,Pop
France,Classical
Japan,Hip-Hop
Germany,Metal
USA,Hip-Hop
India,Rock
Germany,Country
France,Hip-Hop
Canada,R&B
South Korea,Jazz
South Korea,Reggae
France,EDM
South Korea,Hip-Hop
Australia,R&B
Germany,EDM
France,Reggae
South Korea,Classical
Japan,Pop
France,Rock
France,Rock
India,EDM
Germany,Hip-Hop
South Korea,EDM
France,Reggae
Canada,Metal
Brazil,Metal
USA,R&B
Brazil,Jazz
South Korea,Country
Australia,Reggae
Japan,Jazz
Brazil,Jazz
Japan,Rock
UK,Metal
South Korea,R&B
Australia,Reggae
Brazil,Pop
UK,Rock
South Korea,Pop
Australia,Reggae
Australia,R&B
USA,Pop
USA,Hip-Hop
France,Rock
South Korea,Metal
Brazil,Rock
Germany,EDM
Germany,R&B
Australia,EDM
South Korea,Jazz
USA,Rock
Australia,Hip-Hop
UK,EDM
South Korea,Rock
India,Classical
India,Country
South Korea,Jazz
USA,Rock
Australia,Metal
UK,Jazz
France,Metal
UK,Pop
Australia,Hip-Hop
Australia,Country
Japan,Pop
India,Classical
India,Classical
USA,Reggae
India,R&B
India,Rock
Germany,Metal
Australia,R&B
India,Reggae
Japan,Rock
South Korea,Hip-Hop
Germany,Pop
Canada,Classical
USA,R&B
Japan,Pop
Germany,Reggae
Australia,Hip-Hop
India,Metal
Brazil,Jazz
South Korea,Hip-Hop
Australia,Classical
South Korea,Rock
Germany,Jazz
France,EDM
France,Hip-Hop
Japan,Classical
USA,R&B
UK,Jazz
USA,Rock
Australia,Metal
Japan,Metal
USA,Reggae
South Korea,R&B
Germany,Country
Brazil,Rock
South Korea,EDM
Germany,EDM
Germany,Country
Australia,Classical
Canada,Pop
France,Metal
UK,EDM
Germany,Classical
India,Hip-Hop
Canada,Pop
Australia,Pop
UK,Classical
Australia,Jazz
Germany,Hip-Hop
Brazil,Reggae
Canada,Hip-Hop
France,Rock
South Korea,Jazz
France,R&B
France,R&B
Brazil,Country
Canada,Metal
India,R&B
Brazil,R&B
Brazil,Country
France,Hip-Hop
France,Reggae
Canada,Metal
Australia,Jazz
Australia,Rock
Canada,Hip-Hop
Japan,Jazz
UK,Hip-Hop
Germany,Country
Canada,Rock
USA,EDM
Germany,Metal
India,EDM
Canada,Metal
Germany,Classical
Brazil,Pop
UK,Reggae
Canada,Pop
Germany,Jazz
France,Jazz
UK,EDM
USA,Reggae
USA,Hip-Hop
Canada,Jazz
India,R&B
USA,Classical
Canada,Hip-Hop
Japan,Hip-Hop
Australia,Classical
Germany,Metal
Japan,Pop
USA,Hip-Hop
Brazil,Pop
Australia,Metal
South Korea,Hip-Hop
India,Rock
UK,Classical
South Korea,Pop
Australia,Country
USA,Reggae
South Korea,R&B
France,R&B
UK,Pop
Germany,Pop
Germany,Rock
Germany,EDM
India,Rock
USA,Rock
UK,R&B
USA,Metal
Canada,Rock
Brazil,Rock
Canada,Reggae
Japan,Country
USA,Reggae
USA,Reggae
Australia,Classical
France,Metal
Australia,Classical
Germany,R&B
Germany,Reggae
UK,Jazz
Brazil,EDM
France,Pop
South Korea,Hip-Hop
Japan,Metal
Canada,EDM
USA,Country
South Korea,Country
France,Jazz
France,R&B
India,EDM
UK,Classical
India,Country
Japan,Jazz
Japan,Classical
Japan,Pop
Japan,Pop
USA,Metal
USA,Jazz
France,Jazz
Japan,R&B
Germany,R&B
France,Rock
Australia,Rock
Brazil,Reggae
India,Metal
France,Hip-Hop
Japan,Hip-Hop
India,Hip-Hop
UK,Metal
Canada,R&B
South Korea,Classical
Japan,Rock
Germany,Jazz
USA,Pop
India,Hip-Hop
Japan,Classical
France,Jazz
South Korea,EDM
Brazil,Classical
France,Rock
South Korea,EDM
UK,Pop
Japan,EDM
USA,Jazz
France,R&B
UK,Metal
USA,Jazz
Canada,Rock
UK,Jazz
UK,Rock
Canada,Rock
Japan,R&B
Australia,Rock
France,Rock
Canada,Jazz
India,Reggae
Germany,Rock
Canada,Hip-Hop
India,Rock
India,EDM
South Korea,R&B
Brazil,Reggae
Brazil,Jazz
India,Country
India,Pop
UK,Reggae
Canada,Country
UK,Reggae
Canada,Hip-Hop
France,Metal
Canada,Jazz
Canada,Pop
India,Hip-Hop
Canada,Country
South Korea,Reggae
Germany,Classical
South Korea,Rock
Australia,Reggae
Japan,Rock
Canada,Classical
South Korea,Rock
UK,Country
Germany,Classical
Germany,Reggae
South Korea,Jazz
South Korea,Rock
UK,R&B
South Korea,Rock
USA,EDM
USA,Reggae
USA,R&B
Canada,Country
France,R&B
Japan,Rock
Australia,Pop
Japan,Hip-Hop
Canada,Country
South Korea,Rock
Australia,Reggae
Canada,Jazz
South Korea,Classical
Canada,Hip-Hop
South Korea,Jazz
Canada,Classical
UK,Rock
USA,Jazz
Japan,Rock
Australia,Metal
India,Classical
Australia,Jazz
USA,R&B
Canada,Country
Japan,Jazz
Canada,R&B
India,Rock
UK,Metal
South Korea,R&B
Australia,Country
UK,Rock
France,Rock
France,R&B
Japan,Metal
Brazil,Classical
UK,R&B
USA,Pop
India,EDM
Canada,EDM
Australia,Metal
USA,Classical
UK,Country
South Korea,Metal
Japan,Jazz
Germany,Country
Canada,EDM
Australia,Country
UK,Reggae
Canada,Reggae
Germany,EDM
Germany,Classical
Australia,Classical
France,Classical
South Korea,Reggae
Japan,Hip-Hop
Brazil,Country
Canada,Pop
Japan,Metal
Germany,Reggae
Australia,Country
Australia,Hip-Hop
South Korea,Jazz
India,R&B
Japan,Classical
Japan,Pop
South Korea,Rock
India,Jazz
Brazil,R&B
UK,Reggae
Canada,EDM
UK,R&B
Australia,EDM
Brazil,Country
South Korea,Rock
France,Jazz
Australia,Reggae
UK,Jazz
Brazil,R&B
Canada,Reggae
USA,Country
Japan,Jazz
France,Country
Japan,Reggae
Brazil,Rock
Japan,EDM
Australia,Jazz
Germany,Pop
France,Country
South Korea,Classical
USA,EDM
Japan,EDM
India,Classical
Japan,Classical
Australia,Reggae
Australia,Jazz
India,Classical
Australia,Reggae
Canada,Reggae
India,Metal
Canada,Reggae
Canada,Country
France,Jazz
Brazil,Country
South Korea,EDM
Australia,Pop
Brazil,EDM
USA,R&B
UK,Rock
Brazil,Reggae
France,Jazz
Canada,Country
France,Classical
UK,Reggae
USA,R&B
Australia,Country
USA,Country
France,Reggae
Australia,Pop
Japan,Hip-Hop
South Korea,Hip-Hop
Australia,EDM
France,R&B
USA,Hip-Hop
Canada,Jazz
Germany,Metal
Australia,Hip-Hop
Japan,EDM
Brazil,Rock
France,Jazz
Canada,Hip-Hop
Brazil,Metal
Australia,Rock
USA,R&B
South Korea,Metal
Brazil,Reggae
France,R&B
India,EDM
France,Classical
Germany,Country
Brazil,Metal
Brazil,Jazz
India,Metal
Germany,EDM
Canada,Rock
Canada,Classical
Canada,Rock
India,EDM
Australia,Metal
UK,Classical
Brazil,Metal
France,Hip-Hop
South Korea,Metal
Canada,Jazz
Brazil,EDM
UK,Metal
USA,Metal
Canada,Rock
UK,Pop
Brazil,EDM
USA,Classical
USA,Metal
USA,Reggae
South Korea,Hip-Hop
USA,Country
USA,Jazz
South Korea,EDM
Germany,EDM
South Korea,EDM
UK,Reggae
Canada,R&B
South Korea,Country
Japan,Rock
Australia,Jazz
France,Jazz
Canada,EDM
USA,Reggae
UK,Classical
USA,Jazz
USA,Classical
Australia,Jazz
South Korea,R&B
South Korea,Rock
India,EDM
UK,Metal
India,Reggae
France,Classical
Germany,Classical
Germany,EDM
France,Metal
France,Hip-Hop
UK,Rock
France,Reggae
USA,Pop
USA,Metal
France,Jazz
Japan,Jazz
UK,Country
UK,Hip-Hop
Canada,EDM
Brazil,Jazz
Canada,Pop
UK,Classical
UK,Classical
Canada,Pop
Germany,Hip-Hop
Brazil,Country
South Korea,Classical
UK,Metal
Germany,Country
Canada,Pop
Australia,Pop
India,Rock
Brazil,Pop
USA,Rock
UK,R&B
India,Jazz
Australia,Pop
UK,Pop
India,Classical
Australia,Jazz
Australia,Jazz
France,Rock
India,Metal
India,Reggae
France,Jazz
India,Country
Brazil,Rock
France,Pop
UK,Pop
India,EDM
UK,Reggae
South Korea,Jazz
Brazil,Country
USA,EDM
USA,Metal
Brazil,Classical
France,Metal
Australia,Jazz
France,Country
Brazil,R&B
France,Pop
USA,Classical
Australia,Jazz
Brazil,Hip-Hop
Japan,EDM
South Korea,Rock
USA,EDM
Germany,Reggae
Australia,R&B
UK,Hip-Hop
Japan,Hip-Hop
France,R&B
South Korea,EDM
UK,R&B
Japan,EDM
France,Hip-Hop
UK,R&B
Japan,Pop
Germany,Metal
Australia,Classical
South Korea,Pop
Germany,EDM
India,Hip-Hop
Australia,Classical
Canada,EDM
Canada,Rock
India,Jazz
Australia,Hip-Hop
Australia,Jazz
South Korea,Country
USA,Pop
Brazil,Rock
USA,Rock
Germany,Country
South Korea,Rock
France,R&B
Japan,Hip-Hop
Japan,Pop
USA,EDM
South Korea,R&B
UK,Hip-Hop
Germany,Jazz
Australia,Classical
UK,Country
Australia,Hip-Hop
Brazil,Metal
Canada,EDM
South Korea,Rock
